{"cameraMode":{"drawMode":0,"name":"Shaded","section":"Shading Mode"},"sceneLighting":true,"audioPlay":false,"sceneViewState":{"showFog":true,"showMaterialUpdate":false,"showSkybox":true,"showFlares":true,"showImageEffects":true,"showParticleSystems":true},"in2DMode":false,"pivot":{"x":831.5953369140625,"y":233.95025634765626,"z":18.784912109375},"rotation":{"x":0.021302158012986184,"y":0.01978246308863163,"z":-0.0004590699973050505,"w":0.9995853304862976},"size":1464.2066650390625,"orthographic":false}